filename,composer,data_type,st0,st1,st2,st3,st4,st5,st6,t0,t1,t2,t3,t4,t5,t6,t7,t8,t9,t10,t11
debussy_childrens_corner_5_(c)dery.mid,debussy,test,0.65,0.65,0.916666666667,1.0,0.716666666667,1.0,0.666666666667,0.5,0.28,0.78,0.1,1.0,0.68,0.52,0.86,0.6,0.6,0.12,0.68
debussy_childrens_corner_1_(c)dery.mid,debussy,test,0.885593220339,0.521186440678,1.0,0.576271186441,0.796610169492,0.338983050847,0.508474576271,0.92270531401,0.0869565217391,0.594202898551,0.140096618357,1.0,0.502415458937,0.154589371981,0.623188405797,0.285024154589,0.386473429952,0.227053140097,0.352657004831
debussy_epigraphes_antiques_2_(c)lefeldt.mid,debussy,test,1.0,0.276315789474,0.5,0.907894736842,0.736842105263,0.5,0.703947368421,0.508928571429,0.848214285714,0.375,0.535714285714,0.142857142857,0.821428571429,0.410714285714,1.0,0.285714285714,0.392857142857,0.348214285714,0.607142857143
ar2.mid,debussy,test,1.0,0.719135802469,0.864197530864,0.592592592593,0.848765432099,0.833333333333,0.694444444444,1.0,0.113402061856,0.800687285223,0.113402061856,0.848797250859,0.539518900344,0.120274914089,0.945017182131,0.219931271478,0.707903780069,0.292096219931,0.481099656357
debussy_epigraphes_antiques_6_(c)lefeldt.mid,debussy,test,0.496644295302,0.144295302013,0.424496644295,0.963087248322,1.0,0.219798657718,0.187919463087,0.431168831169,0.337662337662,0.223376623377,0.0961038961039,0.561038961039,0.994805194805,0.496103896104,1.0,0.548051948052,0.34025974026,0.148051948052,0.142857142857
debussy-ravel_prelude_apres_midi_faune_(c)yogore.mid,debussy,test,0.833333333333,0.400447427293,1.0,0.734899328859,0.714765100671,0.781879194631,0.887024608501,0.741784037559,0.424100156495,0.560250391236,0.843505477308,0.555555555556,0.69014084507,0.338028169014,1.0,0.52269170579,0.571205007825,0.712050078247,0.528951486698
debussy_etude_03_(c)lefeldt.mid,debussy,test,0.840625,0.625,1.0,0.7625,0.846875,0.365625,0.9,0.932692307692,0.360576923077,0.961538461538,0.831730769231,0.706730769231,0.788461538462,0.384615384615,0.692307692308,0.610576923077,0.5625,1.0,0.384615384615
debussy_etude_05_(c)lefeldt.mid,debussy,test,0.987804878049,0.514634146341,1.0,0.709756097561,0.719512195122,0.363414634146,0.656097560976,1.0,0.456834532374,0.758992805755,0.665467625899,0.809352517986,0.643884892086,0.402877697842,0.643884892086,0.41726618705,0.535971223022,0.586330935252,0.381294964029
debussy_etude_01_(c)lefeldt.mid,debussy,test,1.0,0.559701492537,0.800995024876,0.594527363184,0.89552238806,0.442786069652,0.748756218905,1.0,0.576470588235,0.882352941176,0.501960784314,0.760784313725,0.662745098039,0.274509803922,0.980392156863,0.43137254902,0.698039215686,0.513725490196,0.666666666667
debussy_estampes_2_(c)galimberti.mid,debussy,test,0.838926174497,0.335570469799,0.89932885906,0.659955257271,1.0,0.565995525727,0.704697986577,0.657718120805,0.181208053691,0.335570469799,0.662192393736,0.237136465324,0.548098434004,0.111856823266,1.0,0.297539149888,0.268456375839,0.467561521253,0.237136465324
debussy_images_2_2_(c)galimberti.mid,debussy,test,0.798283261803,0.755364806867,0.793991416309,0.733905579399,0.678111587983,0.81974248927,1.0,0.539772727273,0.517045454545,1.0,0.465909090909,0.585227272727,0.698863636364,0.272727272727,0.897727272727,0.420454545455,0.664772727273,0.602272727273,0.721590909091
debussy_etude_09_(c)lefeldt.mid,debussy,test,0.921875,0.386160714286,0.515625,0.662946428571,1.0,0.328125,0.591517857143,0.650190114068,0.920152091255,0.657794676806,0.41825095057,0.460076045627,0.403041825095,0.726235741445,1.0,0.703422053232,0.558935361217,0.509505703422,0.498098859316
debussy_etude_07_(c)lefeldt.mid,debussy,test,0.665083135392,0.351543942993,1.0,0.895486935867,0.346793349169,0.567695961995,0.681710213777,0.645299145299,0.551282051282,0.632478632479,1.0,0.799145299145,0.965811965812,0.645299145299,0.623931623932,0.457264957265,0.564102564103,0.594017094017,0.632478632479
debussy_images_1_1_(c)galimberti.mid,debussy,test,0.826732673267,0.519801980198,0.804455445545,0.564356435644,0.537128712871,1.0,0.616336633663,1.0,0.117056856187,0.702341137124,0.157190635452,0.929765886288,0.468227424749,0.294314381271,0.725752508361,0.394648829431,0.95652173913,0.387959866221,0.444816053512
debussy_images_oubliee_1_(c)lefeldt.mid,debussy,test,0.761904761905,0.593073593074,0.865800865801,0.558441558442,1.0,0.670995670996,0.813852813853,0.623376623377,0.138528138528,0.593073593074,0.463203463203,0.402597402597,0.38961038961,0.168831168831,1.0,0.264069264069,0.406926406926,0.445887445887,0.367965367965
debussy_etude_11_(c)lefeldt.mid,debussy,test,0.685589519651,0.397379912664,0.64192139738,0.552401746725,1.0,0.364628820961,0.563318777293,0.951768488746,0.0578778135048,0.585209003215,0.392282958199,0.553054662379,0.655948553055,0.157556270096,1.0,0.472668810289,0.536977491961,0.466237942122,0.363344051447
debussy_petite_suite_1_(c)yogore.mid,debussy,test,0.801687763713,0.603375527426,0.974683544304,0.835443037975,0.886075949367,0.675105485232,1.0,0.788732394366,0.103286384977,0.671361502347,1.0,0.0845070422535,0.910798122066,0.018779342723,0.985915492958,0.446009389671,0.305164319249,0.816901408451,0.295774647887
debussy_petite_suite_3_(c)yogore.mid,debussy,test,0.715654952077,0.849840255591,0.82428115016,0.670926517572,1.0,0.916932907348,0.875399361022,0.674121405751,0.0415335463259,0.849840255591,0.00638977635783,0.817891373802,0.501597444089,0.169329073482,1.0,0.0926517571885,0.82428115016,0.130990415335,0.744408945687
debussy_images_1_3_(c)galimberti.mid,debussy,test,0.772431729519,0.607282184655,0.723016905072,1.0,0.771131339402,0.144343302991,0.42522756827,1.0,0.12927756654,0.88783269962,0.279467680608,0.777566539924,0.730038022814,0.731939163498,0.910646387833,0.216730038023,0.21102661597,0.385931558935,0.235741444867
debussy_nocturnes_1_(c)siu.mid,debussy,test,0.237912509593,0.147352264006,1.0,0.501151189563,0.0805832693784,0.44589409056,0.386799693016,0.144032921811,0.111111111111,0.158024691358,1.0,0.0724279835391,0.178600823045,0.358847736626,0.0864197530864,0.213991769547,0.264197530864,0.179423868313,0.235390946502
debussy_pour_le_piano_1_(c)dery.mid,debussy,test,1.0,0.330564784053,0.800664451827,0.923588039867,0.755813953488,0.629568106312,0.928571428571,0.643956043956,0.679120879121,0.437362637363,0.861538461538,0.197802197802,0.993406593407,0.228571428571,1.0,0.507692307692,0.325274725275,0.608791208791,0.61978021978
debussy_preludes_1_11_(c)dery.mid,debussy,test,0.726890756303,0.544117647059,0.546218487395,1.0,0.846638655462,0.302521008403,0.445378151261,0.587431693989,0.357923497268,0.707650273224,0.51912568306,0.191256830601,0.852459016393,0.448087431694,1.0,0.101092896175,0.393442622951,0.254098360656,0.325136612022
debussy_preludes_1_1_(c)dery.mid,debussy,test,0.715189873418,0.601265822785,0.848101265823,0.455696202532,1.0,0.683544303797,0.727848101266,0.551948051948,0.181818181818,0.616883116883,0.24025974026,0.62987012987,0.272727272727,0.194805194805,1.0,0.025974025974,0.701298701299,0.162337662338,0.584415584416
debussy_pour_le_piano_3_(c)dery.mid,debussy,test,1.0,0.567307692308,0.796474358974,0.975961538462,0.572115384615,0.815705128205,0.758012820513,0.967302452316,0.732970027248,0.964577656676,0.899182561308,0.455040871935,1.0,0.659400544959,0.972752043597,0.632152588556,0.754768392371,0.673024523161,0.615803814714
debussy_preludes_1_3_(c)dery.mid,debussy,test,0.344827586207,0.156186612576,1.0,0.906693711968,0.267748478702,0.294117647059,0.261663286004,0.35142118863,0.0878552971576,0.198966408269,0.428940568475,0.84496124031,1.0,0.15503875969,0.341085271318,0.0878552971576,0.286821705426,0.191214470284,0.142118863049
debussy_preludes_1_9_(c)dery.mid,debussy,test,0.538265306122,0.418367346939,0.512755102041,0.375,1.0,0.0969387755102,0.385204081633,0.92380952381,0.0809523809524,0.780952380952,0.833333333333,0.12380952381,0.42380952381,0.27619047619,1.0,0.866666666667,0.180952380952,0.42380952381,0.295238095238
debussy_preludes_1_5_(c)dery.mid,debussy,test,0.380228136882,0.292775665399,0.48288973384,0.326996197719,1.0,0.309885931559,0.222433460076,0.363117870722,0.0171102661597,0.292775665399,0.0361216730038,0.446768060837,0.309885931559,0.0171102661597,1.0,0.0114068441065,0.298479087452,0.0551330798479,0.167300380228
debussy_preludes_2_1_(c)dery.mid,debussy,test,1.0,0.622222222222,0.911111111111,0.544444444444,0.866666666667,0.666666666667,0.477777777778,0.703125,0.703125,0.875,0.609375,0.671875,0.5625,0.203125,1.0,0.21875,0.9375,0.46875,0.203125
debussy_preludes_1_7_(c)dery.mid,debussy,test,0.702090592334,0.660278745645,1.0,0.407665505226,0.782229965157,0.705574912892,0.576655052265,0.253897550111,0.643652561247,0.844097995546,0.458797327394,0.819599109131,0.276169265033,0.244988864143,1.0,0.523385300668,0.378619153675,0.358574610245,0.378619153675
debussy_preludes_2_3_(c)dery.mid,debussy,test,1.0,0.139737991266,0.838427947598,0.532751091703,0.772925764192,0.467248908297,0.445414847162,0.870056497175,0.423728813559,0.180790960452,0.508474576271,0.576271186441,0.322033898305,0.367231638418,1.0,0.254237288136,0.350282485876,0.242937853107,0.333333333333
debussy_preludes_2_5_(c)dery.mid,debussy,test,1.0,0.762589928058,0.597122302158,0.884892086331,1.0,0.41726618705,0.697841726619,1.0,0.0,0.762589928058,0.431654676259,0.165467625899,0.812949640288,0.0719424460432,0.870503597122,0.129496402878,0.41726618705,0.575539568345,0.122302158273
debussy_preludes_2_11_(c)dery.mid,debussy,test,0.961538461538,0.752747252747,0.961538461538,0.868131868132,1.0,0.491758241758,0.821428571429,1.0,0.202749140893,0.941580756014,0.484536082474,0.718213058419,0.697594501718,0.388316151203,0.780068728522,0.470790378007,0.615120274914,0.426116838488,0.601374570447
debussy_preludes_2_9_(c)dery.mid,debussy,test,0.871951219512,0.713414634146,0.896341463415,0.762195121951,1.0,0.810975609756,0.658536585366,0.992592592593,0.0666666666667,0.866666666667,0.0888888888889,1.0,0.725925925926,0.2,0.977777777778,0.237037037037,0.985185185185,0.140740740741,0.659259259259
debussy_preludes_2_7_(c)dery.mid,debussy,test,1.0,0.477099236641,0.656488549618,0.912213740458,0.568702290076,0.931297709924,0.931297709924,0.629411764706,0.911764705882,0.735294117647,0.341176470588,0.670588235294,0.988235294118,0.417647058824,0.876470588235,0.882352941176,0.552941176471,0.435294117647,1.0
debussy_suite_bergamasque_4_(c)dery.mid,debussy,test,1.0,0.657360406091,0.700507614213,0.748730964467,0.774111675127,0.774111675127,0.771573604061,1.0,0.122507122507,0.737891737892,0.669515669516,0.116809116809,0.689458689459,0.150997150997,0.868945868946,0.507122507123,0.361823361823,0.621082621083,0.245014245014
debussy_suite_bergamasque_2_(c)dery.mid,debussy,test,1.0,0.642352941176,0.774117647059,0.712941176471,0.802352941176,0.715294117647,0.752941176471,1.0,0.210826210826,0.777777777778,0.430199430199,0.507122507123,0.678062678063,0.185185185185,0.97150997151,0.347578347578,0.518518518519,0.683760683761,0.22792022792
debussy_la_mer_1_(c)yogore.mid,debussy,test,0.685234899329,0.655704697987,0.815436241611,1.0,0.497315436242,0.548322147651,0.502684563758,0.540447504303,0.338209982788,0.840791738382,0.446643717728,0.598967297762,1.0,0.282271944923,0.63769363167,0.303786574871,0.399311531842,0.204819277108,0.439759036145
debussy_images_orchestre_2_(c)lefeldt.mid,debussy,test,0.655098772023,0.452749599573,0.595301655099,0.532835024026,1.0,0.334757074212,0.937533368927,0.485352335709,0.486144101346,0.671417260491,0.519398258116,0.363420427553,0.50593824228,0.284243863816,1.0,0.482977038797,0.496437054632,0.655581947743,0.734758511481
debussy_sonata_for_violin_and_piano_(c)harfesoft.mid,debussy,test,0.737373737374,0.424242424242,0.68911335578,0.621212121212,1.0,0.358585858586,0.792929292929,0.731934731935,0.289044289044,0.587412587413,0.373737373737,0.58041958042,0.387723387723,0.472416472416,1.0,0.384615384615,0.496503496503,0.460761460761,0.637140637141
debussy_la_mer_3_(c)galimberti.mid,debussy,test,0.684720041863,0.464416535845,0.815541601256,0.572475143904,0.575614861329,0.979591836735,1.0,0.892728904847,0.281867145422,0.796678635548,0.56552962298,0.833482944345,0.533213644524,0.448833034111,0.987432675045,1.0,0.680430879713,0.899012567325,0.816427289048
debussy-ravel_nocturnes_1_nuages_(c)yogore.mid,debussy,train,0.68932038835,0.214670981661,0.588996763754,0.319309600863,1.0,0.347357065804,0.545846817691,0.393743257821,0.295577130529,0.214670981661,0.292340884574,0.29665587918,0.137001078749,0.182308522114,1.0,0.0787486515642,0.268608414239,0.437971952535,0.107874865156
debussy_childrens_corner_2_(c)dery.mid,debussy,train,0.971428571429,0.4,0.4,0.964285714286,1.0,0.428571428571,0.892857142857,0.605504587156,0.642201834862,0.51376146789,0.412844036697,0.100917431193,1.0,0.238532110092,0.862385321101,0.422018348624,0.550458715596,0.816513761468,0.330275229358
debussy_arabesque_1_(c)dery.mid,debussy,train,0.743494423792,0.721189591078,0.855018587361,0.486988847584,1.0,0.773234200743,0.791821561338,0.657992565056,0.0855018587361,0.721189591078,0.0520446096654,0.802973977695,0.245353159851,0.241635687732,1.0,0.0780669144981,0.695167286245,0.092936802974,0.698884758364
debussy_arabesque_no_1_(c)krerksakul.mid,debussy,train,1.0,0.649025069638,0.771587743733,0.598885793872,0.690807799443,0.701949860724,0.406685236769,1.0,0.104615384615,0.716923076923,0.113846153846,0.738461538462,0.590769230769,0.0707692307692,0.763076923077,0.0769230769231,0.698461538462,0.246153846154,0.203076923077
debussy_childrens_corner_3_(c)dery.mid,debussy,train,0.683823529412,0.349264705882,0.841911764706,0.595588235294,0.613970588235,0.470588235294,1.0,0.650442477876,0.172566371681,0.420353982301,0.818584070796,0.194690265487,0.469026548673,0.247787610619,0.738938053097,0.190265486726,0.37610619469,1.0,0.203539823009
debussy_childrens_corner_6_(c)dery.mid,debussy,train,0.471337579618,1.0,0.503184713376,0.468152866242,0.662420382166,0.554140127389,0.509554140127,0.37898089172,0.0923566878981,1.0,0.261146496815,0.242038216561,0.264331210191,0.203821656051,0.662420382166,0.0222929936306,0.531847133758,0.191082802548,0.31847133758
debussy_childrens_corner_4_(c)dery.mid,debussy,train,0.628676470588,0.448529411765,1.0,0.977941176471,0.400735294118,0.819852941176,0.764705882353,0.502109704641,0.2194092827,0.514767932489,1.0,0.147679324895,0.561181434599,0.561181434599,0.459915611814,0.472573839662,0.46835443038,0.510548523207,0.367088607595
debussy_d-un_cahier_d-esquisses_(c)lefeldt.mid,debussy,train,1.0,0.419230769231,0.738461538462,0.519230769231,0.765384615385,0.838461538462,0.496153846154,0.904522613065,0.402010050251,0.547738693467,0.29648241206,0.668341708543,0.502512562814,0.175879396985,1.0,0.165829145729,0.929648241206,0.201005025126,0.447236180905
debussy_epigraphes_antiques_1_(c)lefeldt.mid,debussy,train,0.875,0.852941176471,0.625,1.0,0.852941176471,0.669117647059,0.823529411765,0.875,0.0,0.852941176471,0.625,0.0,1.0,0.0,0.852941176471,0.0,0.669117647059,0.823529411765,0.0
debussy_epigraphes_antiques_5_(c)lefeldt.mid,debussy,train,0.397887323944,0.257042253521,0.334507042254,0.295774647887,1.0,0.207746478873,0.292253521127,0.360730593607,0.155251141553,0.333333333333,0.401826484018,0.0319634703196,0.155251141553,0.228310502283,1.0,0.296803652968,0.269406392694,0.214611872146,0.164383561644
debussy_epigraphes_antiques_3_(c)lefeldt.mid,debussy,train,0.806569343066,0.262773722628,0.664233576642,0.565693430657,0.408759124088,0.485401459854,1.0,0.727678571429,0.258928571429,0.321428571429,0.223214285714,0.589285714286,0.0803571428571,0.611607142857,0.5,0.419642857143,0.174107142857,1.0,0.223214285714
debussy_epigraphes_antiques_4_(c)lefeldt.mid,debussy,train,1.0,0.521739130435,0.534782608696,0.991304347826,0.591304347826,0.586956521739,0.65652173913,1.0,0.270718232044,0.662983425414,0.530386740331,0.149171270718,0.773480662983,0.486187845304,0.75138121547,0.32044198895,0.425414364641,0.618784530387,0.21546961326
debussy_estampes_2_(c)dery.mid,debussy,train,0.787321063395,0.323108384458,0.885480572597,0.642126789366,1.0,0.531697341513,0.717791411043,0.61145194274,0.175869120654,0.323108384458,0.666666666667,0.21881390593,0.539877300613,0.102249488753,1.0,0.280163599182,0.251533742331,0.470347648262,0.247443762781
debussy_estampes_1_(c)dery.mid,debussy,train,1.0,0.192307692308,0.225071225071,0.774928774929,0.856125356125,0.0683760683761,0.792022792023,1.0,0.0308370044053,0.198237885463,0.23201174743,0.0,0.798825256975,0.0,0.882525697504,0.0499265785609,0.0205580029369,0.798825256975,0.0176211453744
debussy_estampes_1_(c)galimberti.mid,debussy,train,0.220740740741,0.797037037037,0.894814814815,0.0666666666667,0.78962962963,1.0,0.225185185185,0.224736048265,0.0,0.811463046757,0.0,0.911010558069,0.0497737556561,0.0180995475113,0.803921568627,0.0180995475113,1.0,0.0316742081448,0.197586726998
debussy-ravel_nocturnes_2_fetes_(c)yogore.mid,debussy,train,1.0,0.421702404159,0.991552956465,0.570500324886,0.864847303444,0.684210526316,0.91942820013,0.619834710744,0.536438767844,0.487603305785,0.580015026296,0.56649135988,0.420736288505,0.238918106687,1.0,0.404207362885,0.386927122464,0.70848985725,0.354620586026
debussy_childrens_corner_(c)galimberti.mid,debussy,train,0.844637223975,0.457413249211,0.665615141956,0.656151419558,1.0,0.410883280757,0.727917981073,0.653401797176,0.721437740693,0.744544287548,0.441591784339,0.641848523748,0.612323491656,0.455712451861,1.0,0.627727856226,0.668806161746,0.641848523748,0.543003851091
debussy_estampes_3_(c)dery.mid,debussy,train,0.607874015748,0.68031496063,1.0,0.455118110236,0.494488188976,0.645669291339,0.552755905512,0.421383647799,0.38784067086,0.905660377358,0.331236897275,1.0,0.446540880503,0.159329140461,0.658280922432,0.308176100629,0.551362683438,0.385744234801,0.350104821803
debussy_etude_01_(c)galimberti.mid,debussy,train,1.0,0.561274509804,0.794117647059,0.583333333333,0.894607843137,0.424019607843,0.725490196078,1.0,0.533834586466,0.860902255639,0.488721804511,0.729323308271,0.665413533835,0.229323308271,0.936090225564,0.436090225564,0.65037593985,0.473684210526,0.639097744361
debussy_estampes_3_(c)galimberti.mid,debussy,train,0.634105960265,0.647350993377,1.0,0.470198675497,0.501655629139,0.66059602649,0.559602649007,0.43018018018,0.432432432432,0.880630630631,0.36036036036,1.0,0.459459459459,0.18018018018,0.682432432432,0.317567567568,0.581081081081,0.403153153153,0.358108108108
debussy_etude_02_(c)galimberti.mid,debussy,train,0.820466786355,0.615798922801,0.917414721724,0.978456014363,1.0,0.72710951526,0.86355475763,0.872860635697,0.244498777506,0.838630806846,0.882640586797,0.366748166259,0.960880195599,0.371638141809,1.0,0.361858190709,0.9902200489,0.731051344743,0.444987775061
debussy_etude_03_(c)galimberti.mid,debussy,train,0.861736334405,0.649517684887,1.0,0.787781350482,0.864951768489,0.382636655949,0.913183279743,0.955665024631,0.364532019704,0.995073891626,0.822660098522,0.709359605911,0.832512315271,0.374384236453,0.709359605911,0.615763546798,0.586206896552,1.0,0.399014778325
debussy-ravel_nocturnes_3_sirenes_(c)yogore.mid,debussy,train,1.0,0.34693877551,0.810324129652,0.828931572629,0.695678271309,0.989195678271,0.785714285714,0.770491803279,0.666954270923,0.498705780846,0.554788610871,0.610008628128,0.936151855047,0.25539257981,1.0,0.539257981018,0.88265746333,0.563416738568,0.566005176877
debussy_etude_02_(c)lefeldt.mid,debussy,train,0.826007326007,0.622710622711,0.923076923077,0.981684981685,1.0,0.732600732601,0.858974358974,0.875930521092,0.24317617866,0.843672456576,0.888337468983,0.362282878412,0.952853598015,0.377171215881,1.0,0.354838709677,0.992555831266,0.722084367246,0.441687344913
debussy_etude_04_(c)lefeldt.mid,debussy,train,0.891891891892,0.5,0.844594594595,0.915540540541,1.0,0.783783783784,0.820945945946,0.814655172414,0.323275862069,0.637931034483,0.76724137931,0.310344827586,0.612068965517,0.556034482759,0.974137931034,0.301724137931,1.0,0.525862068966,0.521551724138
debussy_etude_06_(c)galimberti.mid,debussy,train,0.601910828025,0.238853503185,0.754777070064,1.0,0.254777070064,0.783439490446,0.738853503185,0.442708333333,0.541666666667,0.390625,0.651041666667,0.583333333333,0.635416666667,1.0,0.416666666667,0.911458333333,0.369791666667,0.619791666667,0.588541666667
debussy_etude_04_(c)galimberti.mid,debussy,train,0.941580756014,0.501718213058,0.85910652921,0.945017182131,1.0,0.810996563574,0.852233676976,0.851694915254,0.309322033898,0.618644067797,0.737288135593,0.322033898305,0.60593220339,0.559322033898,0.919491525424,0.313559322034,1.0,0.529661016949,0.521186440678
debussy_etude_06_(c)lefeldt.mid,debussy,train,0.663003663004,0.457875457875,0.85347985348,1.0,0.901098901099,0.43956043956,0.717948717949,0.549738219895,0.397905759162,0.65445026178,0.565445026178,0.65445026178,1.0,0.429319371728,0.853403141361,0.434554973822,0.628272251309,0.591623036649,0.434554973822
debussy_etude_07_(c)galimberti.mid,debussy,train,0.669047619048,0.347619047619,1.0,0.904761904762,0.352380952381,0.566666666667,0.685714285714,0.649572649573,0.551282051282,0.623931623932,1.0,0.794871794872,0.965811965812,0.65811965812,0.632478632479,0.452991452991,0.564102564103,0.594017094017,0.636752136752
debussy_etude_05_(c)galimberti.mid,debussy,train,0.985365853659,0.509756097561,1.0,0.714634146341,0.436585365854,0.639024390244,0.656097560976,1.0,0.453237410072,0.751798561151,0.661870503597,0.812949640288,0.651079136691,0.402877697842,0.643884892086,0.406474820144,0.535971223022,0.593525179856,0.374100719424
debussy_etude_10_(c)galimberti.mid,debussy,train,1.0,0.372093023256,0.86511627907,0.86511627907,0.655813953488,0.66511627907,0.711627906977,0.943262411348,0.581560283688,0.567375886525,0.560283687943,0.758865248227,0.936170212766,0.382978723404,1.0,0.489361702128,0.524822695035,0.45390070922,0.631205673759
debussy_etude_09_(c)galimberti.mid,debussy,train,0.692307692308,0.533936651584,0.656108597285,0.542986425339,0.404977375566,1.0,0.647058823529,0.511538461538,0.665384615385,0.907692307692,0.661538461538,0.453846153846,0.469230769231,0.453846153846,0.688461538462,1.0,0.7,0.573076923077,0.526923076923
debussy_etude_08_(c)galimberti.mid,debussy,train,0.627659574468,0.423404255319,0.763829787234,0.589361702128,0.73829787234,0.285106382979,1.0,0.671936758893,0.494071146245,0.786561264822,0.758893280632,0.660079051383,0.588932806324,0.505928853755,0.545454545455,0.826086956522,0.529644268775,0.857707509881,1.0
debussy_etude_10_(c)lefeldt.mid,debussy,train,1.0,0.367441860465,0.837209302326,0.860465116279,0.646511627907,0.674418604651,0.693023255814,0.94964028777,0.597122302158,0.568345323741,0.525179856115,0.769784172662,0.964028776978,0.36690647482,1.0,0.510791366906,0.532374100719,0.489208633094,0.58273381295
debussy_etude_08_(c)lefeldt.mid,debussy,train,0.90813648294,0.682414698163,0.790026246719,1.0,0.433070866142,0.727034120735,0.910761154856,0.515384615385,0.815384615385,1.0,0.619230769231,0.538461538462,0.742307692308,0.723076923077,0.634615384615,0.580769230769,0.484615384615,0.534615384615,0.8
debussy_etude_12_(c)galimberti.mid,debussy,train,0.758823529412,0.556862745098,0.809803921569,1.0,0.905882352941,0.786274509804,0.786274509804,0.573593073593,0.264069264069,0.614718614719,0.725108225108,0.168831168831,0.668831168831,0.435064935065,1.0,0.361471861472,0.506493506494,0.549783549784,0.318181818182
debussy_images_1_2_(c)dery.mid,debussy,train,1.0,0.286624203822,0.670912951168,0.740976645435,0.511677282378,0.545647558386,0.549893842887,1.0,0.602040816327,0.459183673469,0.829931972789,0.244897959184,0.744897959184,0.442176870748,0.819727891156,0.540816326531,0.333333333333,0.673469387755,0.207482993197
debussy_etude_12_(c)lefeldt.mid,debussy,train,0.757396449704,0.552268244576,0.812623274162,1.0,0.932938856016,0.781065088757,0.788954635108,0.564482029598,0.247357293869,0.591966173362,0.708245243129,0.162790697674,0.649048625793,0.422832980973,1.0,0.336152219873,0.501057082452,0.536997885835,0.30866807611
debussy_etude_11_(c)galimberti.mid,debussy,train,1.0,0.36301369863,0.584474885845,0.721461187215,0.691780821918,0.392694063927,0.568493150685,0.98322147651,0.486577181208,0.53355704698,0.476510067114,0.38255033557,1.0,0.0604026845638,0.627516778523,0.389261744966,0.577181208054,0.681208053691,0.154362416107
debussy_images_1_1_(c)dery.mid,debussy,train,0.834158415842,0.532178217822,0.821782178218,0.564356435644,0.537128712871,1.0,0.628712871287,1.0,0.115894039735,0.711920529801,0.152317880795,0.94701986755,0.46357615894,0.291390728477,0.718543046358,0.390728476821,0.94701986755,0.387417218543,0.453642384106
debussy_images_2_2_(c)dery.mid,debussy,train,0.796610169492,0.737288135593,0.805084745763,0.728813559322,0.673728813559,0.809322033898,1.0,0.557471264368,0.522988505747,1.0,0.488505747126,0.603448275862,0.706896551724,0.281609195402,0.913793103448,0.425287356322,0.672413793103,0.609195402299,0.747126436782
debussy_images_1_2_(c)galimberti.mid,debussy,train,1.0,0.289699570815,0.667381974249,0.742489270386,0.517167381974,0.547210300429,0.55364806867,1.0,0.606896551724,0.465517241379,0.827586206897,0.244827586207,0.748275862069,0.444827586207,0.831034482759,0.541379310345,0.337931034483,0.679310344828,0.210344827586
debussy_images_2_1_(c)dery.mid,debussy,train,1.0,0.35628742515,0.494011976048,0.877245508982,0.814371257485,0.829341317365,0.751497005988,0.466911764706,0.761029411765,0.4375,0.198529411765,0.408088235294,0.720588235294,0.356617647059,1.0,0.393382352941,0.625,0.334558823529,0.588235294118
debussy_images_2_1_(c)galimberti.mid,debussy,train,1.0,0.338414634146,0.496951219512,0.896341463415,0.817073170732,0.826219512195,0.762195121951,0.477611940299,0.746268656716,0.414179104478,0.194029850746,0.414179104478,0.735074626866,0.361940298507,1.0,0.391791044776,0.619402985075,0.335820895522,0.597014925373
debussy_images_1_3_(c)dery.mid,debussy,train,0.758664955071,0.590500641849,0.726572528883,1.0,0.765083440308,0.141206675225,0.422336328626,1.0,0.140926640927,0.888030888031,0.299227799228,0.793436293436,0.739382239382,0.764478764479,0.928571428571,0.222007722008,0.212355212355,0.391891891892,0.243243243243
debussy_images_2_3_(c)dery.mid,debussy,train,1.0,0.278664731495,0.982583454282,0.465892597968,0.731494920174,0.489114658926,0.750362844702,0.956427015251,0.544662309368,0.418300653595,1.0,0.474945533769,0.501089324619,0.19825708061,0.61220043573,0.485838779956,0.734204793028,0.533769063181,0.592592592593
debussy_images_oubliee_2_(c)lefeldt.mid,debussy,train,1.0,0.741818181818,0.745454545455,0.865454545455,0.963636363636,0.770909090909,0.810909090909,0.88679245283,0.150943396226,0.769811320755,0.724528301887,0.0490566037736,0.830188679245,0.0679245283019,1.0,0.524528301887,0.275471698113,0.758490566038,0.0830188679245
debussy_images_2_3_(c)galimberti.mid,debussy,train,1.0,0.285714285714,0.985272459499,0.460972017673,0.739322533137,0.493372606775,0.770250368189,0.94347826087,0.532608695652,0.421739130435,1.0,0.454347826087,0.489130434783,0.191304347826,0.619565217391,0.471739130435,0.728260869565,0.545652173913,0.591304347826
debussy_images_orchestre_3_(c)lefeldt.mid,debussy,train,1.0,0.330637007078,0.542972699697,0.51567239636,0.830131445905,0.575328614762,0.60970677452,0.646772228989,0.557856272838,0.398294762485,0.313032886724,0.341047503045,0.47868453106,0.142509135201,1.0,0.293544457978,0.399512789281,0.190012180268,0.544457978076
debussy_images_oubliee_3_(c)lefeldt.mid,debussy,train,0.684824902724,0.575875486381,0.784046692607,0.84046692607,0.686770428016,0.715953307393,1.0,0.56940509915,0.42776203966,0.838526912181,0.736543909348,0.405099150142,0.776203966006,0.447592067989,1.0,0.331444759207,0.71104815864,0.654390934844,0.801699716714
debussy_images_orchestre_1_(c)lefeldt.mid,debussy,train,1.0,0.397795591182,0.782565130261,0.823647294589,0.556112224449,0.304609218437,0.692384769539,1.0,0.429799426934,0.568767908309,0.510028653295,0.60888252149,0.452722063037,0.724928366762,0.422636103152,0.372492836676,0.43553008596,0.530085959885,0.459885386819
debussy_images_orchestre_4_(c)lefeldt.mid,debussy,train,0.872437357631,0.364464692483,0.916476841306,0.580106302202,1.0,0.498101746393,0.479119210326,0.453111305872,0.553900087642,0.420683610868,0.690622261174,0.36722173532,0.346187554777,0.323400525855,1.0,0.154250657318,0.574934268186,0.290096406661,0.262927256792
debussy_la_mer_1_rev_(c)yogore.mid,debussy,train,0.685234899329,0.655704697987,0.815436241611,1.0,0.497315436242,0.548322147651,0.502684563758,0.540447504303,0.338209982788,0.840791738382,0.446643717728,0.598967297762,1.0,0.282271944923,0.63769363167,0.303786574871,0.399311531842,0.204819277108,0.439759036145
debussy_la_plus_que_lente_(c)lefeldt.mid,debussy,train,0.909090909091,0.800865800866,1.0,0.692640692641,0.874458874459,0.965367965368,0.935064935065,0.871287128713,0.168316831683,0.915841584158,0.346534653465,0.79702970297,0.579207920792,0.212871287129,1.0,0.272277227723,0.831683168317,0.282178217822,0.787128712871
debussy_images_orchestre_5_(c)lefeldt.mid,debussy,train,1.0,0.476489028213,0.926332288401,0.710553814002,0.58881922675,0.619644723093,0.819226750261,0.890860692103,0.807453416149,0.809228039042,0.73735581189,0.835847382431,0.675244010648,0.531499556344,1.0,0.553682342502,0.498669032831,0.61934338953,0.771960958296
debussy_la_mer_2_(c)yogore.mid,debussy,train,1.0,0.464004499438,0.667604049494,0.669853768279,0.303149606299,0.688413948256,0.659730033746,1.0,0.594618834081,0.739910313901,0.559641255605,0.504932735426,0.590134529148,0.47802690583,0.483408071749,0.669058295964,0.42869955157,0.618834080717,0.433183856502
debussy_la_mer_1_(c)galimberti.mid,debussy,train,0.652519893899,0.74358974359,0.993368700265,1.0,0.510167992927,0.697170645447,0.584438549956,0.541617122473,0.335909631391,1.0,0.529726516052,0.806183115339,0.990487514863,0.354340071344,0.686087990488,0.481569560048,0.456004756243,0.277645659929,0.508323424495
debussy_marche_ecossaise_piano-4hands_(c)lefeldt.mid,debussy,train,1.0,0.686448184234,0.881310894597,0.767936226749,0.662533215235,0.4880425155,0.720106288751,1.0,0.268539325843,0.870786516854,0.860674157303,0.257303370787,0.716853932584,0.257303370787,0.840449438202,0.392134831461,0.226966292135,0.650561797753,0.262921348315
debussy_petite_suite_1_(c)gray.mid,debussy,train,0.812765957447,0.612765957447,0.995744680851,0.834042553191,0.889361702128,0.676595744681,1.0,0.794392523364,0.0981308411215,0.672897196262,1.0,0.0934579439252,0.897196261682,0.018691588785,0.976635514019,0.443925233645,0.299065420561,0.808411214953,0.289719626168
debussy_petite_suite_2_(c)gray.mid,debussy,train,1.0,0.616751269036,0.832487309645,0.761421319797,0.796954314721,0.941624365482,0.845177664975,1.0,0.0287206266319,0.634464751958,0.13315926893,0.723237597911,0.723237597911,0.0600522193211,0.819843342037,0.20365535248,0.76501305483,0.193211488251,0.676240208877
debussy_la_mer_3_(c)yogore.mid,debussy,train,0.769099201824,0.566134549601,0.888825541619,0.63740022805,0.648802736602,1.0,0.938996579247,0.881370826011,0.304042179262,0.872583479789,0.529876977153,0.84007029877,0.485940246046,0.496485061511,1.0,0.885764499121,0.65553602812,0.645869947276,0.801405975395
debussy_petite_suite_2_(c)yogore.mid,debussy,train,1.0,0.604060913706,0.827411167513,0.756345177665,0.809644670051,0.921319796954,0.837563451777,1.0,0.0287206266319,0.621409921671,0.130548302872,0.720626631854,0.720626631854,0.0574412532637,0.832898172324,0.193211488251,0.754569190601,0.182767624021,0.678851174935
debussy_petite_suite_4_(c)yogore.mid,debussy,train,0.883516483516,0.835164835165,0.751648351648,0.793406593407,1.0,0.949450549451,0.635164835165,0.837362637363,0.0461538461538,0.835164835165,0.265934065934,0.485714285714,0.663736263736,0.12967032967,1.0,0.0197802197802,0.92967032967,0.206593406593,0.428571428571
debussy_petite_suite_3_(c)gray.mid,debussy,train,0.75,0.866883116883,0.837662337662,0.685064935065,1.0,0.912337662338,0.902597402597,0.707792207792,0.0422077922078,0.866883116883,0.00649350649351,0.831168831169,0.512987012987,0.172077922078,1.0,0.0941558441558,0.818181818182,0.13961038961,0.762987012987
debussy_petite_suite_4_(c)gray.mid,debussy,train,0.890350877193,0.815789473684,0.756578947368,0.789473684211,1.0,0.960526315789,0.627192982456,0.844298245614,0.0460526315789,0.815789473684,0.265350877193,0.491228070175,0.657894736842,0.131578947368,1.0,0.0197368421053,0.940789473684,0.206140350877,0.421052631579
debussy_petit_negre_(c)yogore.mid,debussy,train,1.0,0.762711864407,0.669491525424,0.610169491525,0.923728813559,0.728813559322,0.991525423729,0.914893617021,0.340425531915,0.957446808511,0.063829787234,0.776595744681,0.36170212766,0.404255319149,1.0,0.159574468085,0.914893617021,0.36170212766,0.882978723404
debussy_pour_le_piano_2_(c)dery.mid,debussy,train,1.0,0.762773722628,0.740875912409,0.875912408759,0.934306569343,0.799270072993,0.79197080292,0.92578125,0.14453125,0.81640625,0.75,0.04296875,0.8671875,0.0703125,1.0,0.546875,0.30859375,0.79296875,0.0546875
debussy_pour_le_piano_2_bachovich.mid,debussy,train,1.0,0.744444444444,0.777777777778,0.881481481481,0.951851851852,0.807407407407,0.788888888889,0.910505836576,0.140077821012,0.782101167315,0.774319066148,0.0428015564202,0.856031128405,0.0700389105058,1.0,0.536964980545,0.311284046693,0.774319066148,0.0544747081712
debussy_preludes_1_10_(c)dery.mid,debussy,train,1.0,0.671974522293,0.917197452229,0.62101910828,0.984076433121,0.477707006369,0.630573248408,1.0,0.297520661157,0.871900826446,0.545454545455,0.644628099174,0.425619834711,0.380165289256,0.909090909091,0.367768595041,0.619834710744,0.359504132231,0.45867768595
debussy_pour_le_piano_1_bachovich.mid,debussy,train,1.0,0.332792207792,0.818181818182,0.931818181818,0.766233766234,0.62012987013,0.923701298701,0.641949152542,0.66313559322,0.434322033898,0.872881355932,0.194915254237,0.993644067797,0.222457627119,1.0,0.476694915254,0.332627118644,0.593220338983,0.612288135593
debussy_preludes_1_10_(c)galimberti.mid,debussy,train,1.0,0.674121405751,0.916932907348,0.613418530351,0.984025559105,0.482428115016,0.623003194888,1.0,0.298755186722,0.875518672199,0.547717842324,0.643153526971,0.427385892116,0.369294605809,0.917012448133,0.360995850622,0.626556016598,0.352697095436,0.45643153527
debussy_pour_le_piano_3_bachovich.mid,debussy,train,1.0,0.565008025682,0.781701444623,0.955056179775,0.565008025682,0.77849117175,0.789727126806,1.0,0.745098039216,0.985994397759,0.899159663866,0.464985994398,0.985994397759,0.680672268908,0.985994397759,0.602240896359,0.756302521008,0.697478991597,0.680672268908
debussy_preludes_1_12_(c)dery.mid,debussy,train,0.816091954023,0.409961685824,0.505747126437,0.666666666667,1.0,0.701149425287,0.371647509579,0.536398467433,0.27969348659,0.409961685824,0.195402298851,0.310344827586,0.383141762452,0.283524904215,1.0,0.183908045977,0.51724137931,0.0842911877395,0.287356321839
debussy_preludes_1_1_(c)galimberti.mid,debussy,train,0.733333333333,0.6,0.84,0.473333333333,1.0,0.693333333333,0.74,0.568493150685,0.184931506849,0.616438356164,0.239726027397,0.623287671233,0.246575342466,0.239726027397,1.0,0.027397260274,0.712328767123,0.171232876712,0.58904109589
debussy_preludes_1_12_(c)galimberti.mid,debussy,train,0.809160305344,0.408396946565,0.503816793893,0.641221374046,1.0,0.702290076336,0.374045801527,0.526717557252,0.282442748092,0.408396946565,0.19465648855,0.309160305344,0.370229007634,0.270992366412,1.0,0.18320610687,0.519083969466,0.0839694656489,0.290076335878
debussy_preludes_1_2_(c)dery.mid,debussy,train,0.807692307692,1.0,0.668269230769,0.817307692308,0.692307692308,0.0,0.576923076923,0.807692307692,0.0,1.0,0.0,0.668269230769,0.144230769231,0.673076923077,0.149038461538,0.543269230769,0.0,0.567307692308,0.00961538461538
debussy_preludes_1_11_(c)galimberti.mid,debussy,train,0.747395833333,0.4609375,0.559895833333,0.919270833333,1.0,0.377604166667,0.544270833333,0.50289017341,0.326589595376,0.511560693642,0.42774566474,0.193641618497,0.768786127168,0.251445086705,1.0,0.109826589595,0.419075144509,0.271676300578,0.332369942197
debussy_preludes_1_2_(c)galimberti.mid,debussy,train,0.676328502415,0.0,0.579710144928,0.792270531401,1.0,0.647342995169,0.806763285024,0.144927536232,0.531400966184,0.0,0.570048309179,0.00966183574879,0.792270531401,0.0,1.0,0.0,0.647342995169,0.140096618357,0.666666666667
debussy_preludes_1_4_(c)dery.mid,debussy,train,0.803212851406,0.212851405622,1.0,0.610441767068,0.493975903614,0.638554216867,0.670682730924,0.532663316583,0.472361809045,0.266331658291,0.251256281407,1.0,0.306532663317,0.457286432161,0.618090452261,0.331658291457,0.467336683417,0.391959798995,0.447236180905
debussy_preludes_1_4_(c)galimberti.mid,debussy,train,0.808943089431,0.219512195122,1.0,0.613821138211,0.50406504065,0.646341463415,0.666666666667,0.546391752577,0.479381443299,0.278350515464,0.268041237113,1.0,0.309278350515,0.469072164948,0.639175257732,0.324742268041,0.494845360825,0.396907216495,0.448453608247
debussy_preludes_1_6_(c)dery.mid,debussy,train,0.954545454545,0.954545454545,1.0,0.787878787879,0.227272727273,0.833333333333,0.757575757576,0.793650793651,0.206349206349,1.0,0.857142857143,0.190476190476,0.31746031746,0.507936507937,0.238095238095,0.428571428571,0.444444444444,0.365079365079,0.428571428571
debussy_preludes_1_6_(c)galimberti.mid,debussy,train,0.96875,0.984375,1.0,0.828125,0.21875,0.859375,0.78125,0.777777777778,0.206349206349,1.0,0.825396825397,0.190476190476,0.31746031746,0.52380952381,0.222222222222,0.428571428571,0.444444444444,0.365079365079,0.428571428571
debussy_la_mer_2_(c)galimberti.mid,debussy,train,0.73155216285,0.255089058524,0.756997455471,0.614503816794,0.778307888041,1.0,0.669529262087,0.507151614221,0.432774826318,0.327748263179,0.554556599918,0.418062934205,0.379239885574,0.410298324479,1.0,0.608908868002,0.675929709849,0.459746628525,0.400490396404
debussy_preludes_1_3_(c)galimberti.mid,debussy,train,0.350912778905,0.15415821501,1.0,0.902636916836,0.2738336714,0.292089249493,0.243407707911,0.360103626943,0.0880829015544,0.19689119171,0.430051813472,0.847150259067,1.0,0.152849740933,0.349740932642,0.0854922279793,0.287564766839,0.189119170984,0.121761658031
debussy_preludes_1_8_(c)dery.mid,debussy,train,1.0,0.455284552846,0.79674796748,0.520325203252,0.715447154472,0.837398373984,0.308943089431,1.0,0.0695652173913,0.486956521739,0.0,0.852173913043,0.417391304348,0.139130434783,0.765217391304,0.00869565217391,0.886956521739,0.0434782608696,0.286956521739
debussy_preludes_1_8_(c)galimberti.mid,debussy,train,1.0,0.455284552846,0.80487804878,0.536585365854,0.69918699187,0.845528455285,0.317073170732,1.0,0.0512820512821,0.478632478632,0.0,0.846153846154,0.418803418803,0.145299145299,0.735042735043,0.00854700854701,0.880341880342,0.042735042735,0.290598290598
debussy_preludes_1_5_(c)galimberti.mid,debussy,train,0.365808823529,0.283088235294,0.477941176471,0.299632352941,1.0,0.290441176471,0.215073529412,0.349264705882,0.0165441176471,0.283088235294,0.0349264705882,0.443014705882,0.28125,0.0183823529412,1.0,0.0110294117647,0.279411764706,0.0533088235294,0.161764705882
debussy_preludes_2_10_(c)galimberti.mid,debussy,train,1.0,0.6,0.888888888889,0.544444444444,0.833333333333,0.677777777778,0.477777777778,0.754098360656,0.72131147541,0.885245901639,0.606557377049,0.704918032787,0.590163934426,0.213114754098,1.0,0.229508196721,1.0,0.491803278689,0.213114754098
debussy_preludes_1_9_(c)galimberti.mid,debussy,train,0.541025641026,0.420512820513,0.510256410256,0.374358974359,1.0,0.0974358974359,0.389743589744,0.924528301887,0.0707547169811,0.77358490566,0.816037735849,0.122641509434,0.419811320755,0.268867924528,1.0,0.839622641509,0.179245283019,0.424528301887,0.292452830189
debussy_preludes_2_10_(c)dery.mid,debussy,train,0.439285714286,0.696428571429,0.971428571429,0.435714285714,0.328571428571,1.0,0.4,0.405128205128,0.225641025641,1.0,0.702564102564,0.692307692308,0.389743589744,0.235897435897,0.471794871795,0.733333333333,0.702564102564,0.184615384615,0.389743589744
debussy_preludes_2_11_(c)galimberti.mid,debussy,train,0.972222222222,0.758333333333,0.963888888889,0.916666666667,1.0,0.488888888889,0.825,1.0,0.21107266436,0.944636678201,0.480968858131,0.719723183391,0.716262975779,0.425605536332,0.754325259516,0.491349480969,0.608996539792,0.415224913495,0.612456747405
debussy_preludes_1_7_(c)galimberti.mid,debussy,train,0.682373472949,0.663176265271,1.0,0.389179755672,0.755671902269,0.705061082024,0.607329842932,0.263279445727,0.639722863741,0.877598152425,0.579676674365,0.743648960739,0.300230946882,0.214780600462,1.0,0.526558891455,0.406466512702,0.415704387991,0.387990762125
debussy_preludes_2_1_(c)galimberti.mid,debussy,train,1.0,0.414110429448,0.377300613497,0.726993865031,0.407975460123,0.343558282209,0.377300613497,1.0,0.567307692308,0.649038461538,0.370192307692,0.221153846154,0.485576923077,0.653846153846,0.639423076923,0.173076923077,0.365384615385,0.379807692308,0.211538461538
debussy_nocturnes_3_(c)ames.mid,debussy,train,0.967018469657,0.638962181179,1.0,0.786279683377,0.766490765172,0.824538258575,0.8109058927,0.986230636833,0.275387263339,0.833620195066,0.440619621343,0.864027538726,0.587492828457,0.438324727481,1.0,0.604704532415,0.471026965003,0.530120481928,0.527825588067
debussy_preludes_2_2_(c)dery.mid,debussy,train,0.962406015038,0.406015037594,1.0,0.721804511278,0.526315789474,0.646616541353,0.834586466165,0.906666666667,0.8,0.72,0.986666666667,0.786666666667,0.453333333333,0.826666666667,0.933333333333,0.506666666667,0.64,1.0,0.48
debussy_preludes_2_2_(c)galimberti.mid,debussy,train,0.969465648855,0.412213740458,1.0,0.725190839695,0.549618320611,0.664122137405,0.793893129771,0.944444444444,0.819444444444,0.75,0.986111111111,0.833333333333,0.458333333333,0.861111111111,1.0,0.555555555556,0.652777777778,0.972222222222,0.472222222222
debussy_preludes_2_12_(c)dery.mid,debussy,train,0.676375404531,0.312297734628,0.757281553398,0.825242718447,0.794498381877,0.57928802589,1.0,0.756983240223,0.41061452514,0.539106145251,0.715083798883,0.59217877095,0.941340782123,0.483240223464,0.812849162011,0.558659217877,1.0,0.946927374302,0.779329608939
debussy_preludes_2_3_(c)galimberti.mid,debussy,train,1.0,0.130434782609,0.834782608696,0.530434782609,0.765217391304,0.460869565217,0.45652173913,0.892045454545,0.414772727273,0.170454545455,0.511363636364,0.579545454545,0.329545454545,0.363636363636,1.0,0.255681818182,0.346590909091,0.272727272727,0.323863636364
debussy_preludes_2_5_(c)galimberti.mid,debussy,train,0.729927007299,1.0,0.751824817518,0.605839416058,0.875912408759,0.846715328467,0.554744525547,0.605839416058,0.124087591241,1.0,0.0,0.751824817518,0.43795620438,0.167883211679,0.795620437956,0.0802919708029,0.846715328467,0.116788321168,0.43795620438
debussy_preludes_2_6_(c)dery.mid,debussy,train,0.952153110048,0.368421052632,0.588516746411,0.846889952153,0.636363636364,0.516746411483,1.0,0.789473684211,0.706766917293,0.578947368421,0.451127819549,0.473684210526,0.962406015038,0.368421052632,1.0,0.571428571429,0.240601503759,0.93984962406,0.631578947368
debussy_preludes_2_12_(c)galimberti.mid,debussy,train,0.836633663366,0.481848184818,0.924092409241,1.0,0.651815181518,0.339933993399,0.780528052805,0.947222222222,0.461111111111,0.811111111111,0.555555555556,1.0,0.936111111111,0.747222222222,0.716666666667,0.380555555556,0.572222222222,0.711111111111,0.602777777778
debussy_preludes_2_6_(c)galimberti.mid,debussy,train,0.970731707317,0.365853658537,0.560975609756,0.868292682927,0.619512195122,0.517073170732,1.0,0.801526717557,0.717557251908,0.572519083969,0.473282442748,0.404580152672,1.0,0.358778625954,0.969465648855,0.603053435115,0.206106870229,0.923664122137,0.641221374046
debussy_preludes_2_7_(c)galimberti.mid,debussy,train,1.0,0.490118577075,0.671936758893,0.924901185771,0.600790513834,0.940711462451,0.96837944664,0.614035087719,0.865497076023,0.72514619883,0.33918128655,0.654970760234,0.959064327485,0.409356725146,0.888888888889,0.853801169591,0.538011695906,0.432748538012,1.0
debussy_preludes_2_4_(c)dery.mid,debussy,train,0.412576687117,0.0966257668712,0.273006134969,0.800613496933,1.0,0.144171779141,0.273006134969,0.433839479393,0.14967462039,0.136659436009,0.173535791757,0.212581344902,0.27114967462,0.861171366594,0.41431670282,1.0,0.203904555315,0.29284164859,0.0932754880694
debussy_preludes_2_4_(c)galimberti.mid,debussy,train,0.403426791277,0.0934579439252,0.271028037383,0.803738317757,1.0,0.140186915888,0.271028037383,0.412663755459,0.152838427948,0.131004366812,0.168122270742,0.211790393013,0.272925764192,0.853711790393,0.401746724891,1.0,0.196506550218,0.28384279476,0.0960698689956
debussy_preludes_2_9_(c)galimberti.mid,debussy,train,0.863354037267,0.726708074534,0.770186335404,0.627329192547,1.0,0.826086956522,0.689440993789,0.977443609023,0.0676691729323,0.87969924812,0.0827067669173,0.84962406015,0.556390977444,0.203007518797,0.977443609023,0.233082706767,1.0,0.127819548872,0.706766917293
debussy_preludes_2_8_(c)dery.mid,debussy,train,0.948553054662,0.450160771704,0.672025723473,0.717041800643,0.784565916399,1.0,0.681672025723,0.41393442623,0.795081967213,0.573770491803,0.118852459016,0.737704918033,0.754098360656,0.159836065574,1.0,0.77868852459,0.495901639344,0.217213114754,0.651639344262
debussy_preludes_2_8_(c)galimberti.mid,debussy,train,0.957928802589,0.453074433657,0.669902912621,0.718446601942,0.7928802589,1.0,0.702265372168,0.408163265306,0.8,0.571428571429,0.118367346939,0.726530612245,0.742857142857,0.163265306122,1.0,0.767346938776,0.49387755102,0.216326530612,0.669387755102
debussy_suite_bergamasque_1_(c)dery.mid,debussy,train,0.946619217082,0.839857651246,1.0,0.839857651246,0.871886120996,0.857651245552,0.786476868327,0.938223938224,0.0888030888031,0.911196911197,0.0849420849421,1.0,0.648648648649,0.262548262548,0.876447876448,0.0694980694981,0.930501930502,0.162162162162,0.69111969112
debussy_suite_bergamasque_1_(c)galimberti.mid,debussy,train,0.953405017921,0.845878136201,1.0,0.845878136201,0.89247311828,0.89605734767,0.78853046595,0.945525291829,0.0894941634241,0.918287937743,0.0856031128405,1.0,0.642023346304,0.27626459144,0.898832684825,0.0700389105058,0.972762645914,0.167315175097,0.688715953307
debussy_reverie_(c)galimberti.mid,debussy,train,0.975845410628,0.613526570048,0.739130434783,1.0,0.797101449275,0.753623188406,0.903381642512,0.859649122807,0.321637426901,0.74269005848,0.72514619883,0.169590643275,1.0,0.210526315789,0.964912280702,0.602339181287,0.309941520468,0.894736842105,0.198830409357
debussy_suite_bergamasque_3_(c)dery.mid,debussy,train,0.958333333333,0.883333333333,0.820833333333,0.916666666667,0.95,1.0,0.566666666667,0.995614035088,0.0131578947368,0.929824561404,0.206140350877,0.657894736842,0.94298245614,0.0219298245614,1.0,0.175438596491,0.877192982456,0.144736842105,0.451754385965
debussy_suite_bergamasque_2_(c)galimberti.mid,debussy,train,1.0,0.644028103044,0.768149882904,0.709601873536,0.810304449649,0.709601873536,0.747072599532,1.0,0.22,0.785714285714,0.431428571429,0.505714285714,0.674285714286,0.191428571429,0.988571428571,0.34,0.525714285714,0.682857142857,0.228571428571
debussy_suite_bergamasque_3_(c)galimberti.mid,debussy,train,0.9625,0.883333333333,0.816666666667,0.916666666667,0.9625,1.0,0.566666666667,0.987012987013,0.012987012987,0.917748917749,0.203463203463,0.645021645022,0.930735930736,0.021645021645,1.0,0.177489177489,0.861471861472,0.142857142857,0.445887445887
debussy_suite_bergamasque_4_(c)galimberti.mid,debussy,train,1.0,0.681347150259,0.725388601036,0.753886010363,0.774611398964,0.79274611399,0.787564766839,1.0,0.12865497076,0.769005847953,0.701754385965,0.116959064327,0.707602339181,0.143274853801,0.874269005848,0.520467836257,0.374269005848,0.637426900585,0.251461988304
debussy_nocturnes_2_(c)siu.mid,debussy,train,0.996506827564,0.412829469673,1.0,0.590663702763,0.932994601461,0.700222292791,0.833915528739,0.531313818924,0.536759700477,0.442477876106,0.590537780803,0.481279782165,0.404016337645,0.229067392784,1.0,0.394826412526,0.35568413887,0.611980939415,0.28182437032
debussy_sonata_for_cello_and_piano_(c)harfesoft.mid,debussy,train,1.0,0.678851174935,0.834203655352,0.955613577023,0.772845953003,0.779373368146,0.984334203655,0.944256756757,0.349662162162,0.878378378378,0.597972972973,0.481418918919,0.807432432432,0.429054054054,1.0,0.530405405405,0.478040540541,0.731418918919,0.54222972973
debussy_trio_for_violin_cello_piano_(c)harfesoft.mid,debussy,train,0.92337164751,0.602577499129,1.0,0.846743295019,0.629049111808,0.896551724138,0.867641936607,1.0,0.349109414758,0.880407124682,0.487022900763,0.974045801527,0.728244274809,0.508905852417,0.919083969466,0.436641221374,0.873282442748,0.534351145038,0.733333333333
debussy_suite_bergamasque_3_(c)galimberti.mid,debussy,train,0.9625,0.883333333333,0.816666666667,0.916666666667,0.9625,1.0,0.566666666667,0.987012987013,0.012987012987,0.917748917749,0.203463203463,0.645021645022,0.930735930736,0.021645021645,1.0,0.177489177489,0.861471861472,0.142857142857,0.445887445887
debussy_suite_bergamasque_4_(c)galimberti.mid,debussy,train,1.0,0.681347150259,0.725388601036,0.753886010363,0.774611398964,0.79274611399,0.787564766839,1.0,0.12865497076,0.769005847953,0.701754385965,0.116959064327,0.707602339181,0.143274853801,0.874269005848,0.520467836257,0.374269005848,0.637426900585,0.251461988304
